906,56,690,2018-09-13 03:34:44
700,212,750,2018-03-10 17:52:49
182,181,601,2018-10-27 12:13:19
654,253,271,2018-09-30 22:46:24
429,609,462,2018-03-26 13:00:15
61,320,244,2018-12-14 17:05:37
640,81,628,2018-01-10 18:18:26
469,822,316,2018-02-18 00:47:45
819,997,299,2018-01-04 14:56:19
714,767,813,2018-04-21 01:05:47
461,264,159,2018-12-17 23:49:26
996,346,284,2018-06-15 21:42:22
105,751,923,2018-11-16 17:28:42
660,570,321,2018-06-26 12:38:35
723,770,642,2018-12-24 00:50:05
619,381,333,2018-08-07 15:06:05
649,605,763,2018-11-27 04:21:48
671,471,763,2018-03-03 08:14:55
738,956,565,2018-03-27 04:13:49
967,753,299,2018-05-01 12:14:57
328,618,275,2018-02-26 22:43:21
647,339,392,2018-12-12 06:17:55
141,823,201,2018-01-14 19:41:31
757,222,421,2018-06-27 11:48:07
352,226,642,2018-10-31 06:28:24
780,16,603,2018-12-17 05:28:15
75,376,724,2018-01-23 14:13:35
458,426,856,2018-03-26 17:39:19
313,619,563,2018-10-20 09:32:54
464,522,280,2018-12-04 05:55:13
256,610,618,2018-06-22 18:26:35
565,848,350,2018-04-04 04:00:08
134,999,346,2018-10-16 07:52:43
537,759,848,2018-11-22 20:23:02
534,831,851,2018-05-22 07:32:42
420,354,881,2018-02-24 13:40:26
696,386,196,2018-05-24 12:24:10
52,380,293,2018-06-24 04:44:27
348,760,739,2018-07-29 13:22:22
775,641,757,2018-03-11 04:42:53
526,603,73,2018-11-05 12:52:30
624,306,478,2018-01-27 15:55:55
22,321,565,2018-07-01 08:29:23
735,658,425,2018-10-21 19:43:12
337,528,362,2018-12-25 06:04:40
607,975,134,2018-05-12 12:10:29
644,202,707,2018-06-02 19:47:11
877,966,763,2018-11-17 18:00:57
671,183,182,2018-12-14 08:02:52
716,371,368,2018-10-17 10:14:42
187,675,638,2018-05-24 13:58:57
300,292,779,2018-10-20 08:15:39
675,629,85,2018-05-28 03:51:15
306,736,960,2018-04-15 13:23:19
18,470,759,2018-08-01 01:44:03
450,842,848,2018-09-07 22:31:28
358,828,20,2018-02-02 20:21:13
316,193,500,2018-10-06 14:28:50
502,737,603,2018-12-17 23:34:51
117,146,792,2018-05-06 11:33:07
887,163,548,2018-02-01 15:56:09
559,909,778,2018-02-21 23:14:27
268,386,772,2018-03-17 11:35:45
791,888,42,2018-05-13 17:58:59
482,709,429,2018-10-31 02:01:27
560,164,286,2018-12-08 10:06:03
723,733,711,2018-10-28 09:48:17
371,213,602,2018-12-05 13:28:46
812,212,394,2018-12-03 04:28:58
79,234,183,2018-05-20 15:47:47
324,743,161,2018-01-12 20:46:05
425,368,659,2018-03-30 07:42:06
845,593,677,2018-04-09 08:58:54
625,560,92,2018-11-09 19:09:43
344,172,997,2018-11-07 01:33:43
56,747,220,2018-01-23 09:53:00
578,133,626,2018-12-13 06:27:54
517,217,473,2018-12-24 05:38:31
395,752,454,2018-09-11 05:11:26
299,573,790,2018-06-03 21:51:38
406,763,210,2018-04-25 04:07:34
687,305,791,2018-07-25 16:38:48
630,683,772,2018-03-16 14:54:50
610,319,117,2018-08-18 14:23:48
440,426,147,2018-12-20 21:10:42
73,685,12,2018-08-29 06:29:07
577,390,82,2018-09-21 19:43:00
968,769,200,2018-01-27 09:31:53
708,469,287,2018-08-29 18:08:10
82,750,672,2018-06-10 08:11:18
751,759,246,2018-06-08 22:04:52
584,102,377,2018-02-24 08:46:58
56,724,458,2018-01-08 02:57:28
429,149,721,2018-03-23 23:25:34
819,105,703,2018-01-03 00:19:20
322,878,581,2018-06-30 08:51:30
51,943,895,2018-01-04 13:57:10
115,534,548,2018-05-27 00:15:56
580,44,158,2018-07-27 12:49:59
476,775,525,2018-12-06 22:40:54
